# the VFX showcase packs' demo scripts in Workspace: switched off in the live game (they spin, grow and
# spawn parts forever on the server - replicated to every client). The packs themselves stay where they are.
# file (src name)	property	type	value
Workspace__Hollow_Purple_(VFX)__Purple__Debris.server.lua	Disabled	bool	true
Workspace__Hollow_Purple_(VFX)__Purple__ParticlesDebris.server.lua	Disabled	bool	true
Workspace__Meshes_VFX__Meshes__Contents__Lightning_(Blue_Skin)__Grow.server.lua	Disabled	bool	true
Workspace__Meshes_VFX__Meshes__Contents__ElectricShockwave(Mesh)__Grow.server.lua	Disabled	bool	true
Workspace__Meshes_VFX__Meshes__Contents__Lightning_(Gold_Skin)__Grow.server.lua	Disabled	bool	true
Workspace__Meshes_VFX__Meshes__Contents__Lightning_(Red_Skin)__Grow.server.lua	Disabled	bool	true
Workspace__Meshes_VFX__Meshes__Contents__Air__Script.server.lua	Disabled	bool	true
Workspace__Meshes_VFX__Meshes__Contents__Water__Script.server.lua	Disabled	bool	true
Workspace__Meshes_VFX__Meshes__Contents__Fire__Script.server.lua	Disabled	bool	true
Workspace__Meshes_VFX__Meshes__VFX__Almighty_push_vfx__MeshPart__Grow.server.lua	Disabled	bool	true
Workspace__Meshes_VFX__Meshes__VFX__Almighty_push_vfx__MeshPart__Grow~2.server.lua	Disabled	bool	true
Workspace__Meshes_VFX__Meshes__VFX__Almighty_push_vfx__MeshPart__Grow~3.server.lua	Disabled	bool	true
Workspace__Meshes_VFX__Meshes__BeastBombShuriken__Shuriken__Grow.server.lua	Disabled	bool	true
Workspace__Meshes_VFX__Meshes__BeastBombShuriken__Twister__Grow.server.lua	Disabled	bool	true
Workspace__Meshes_VFX__Meshes__BeastBombShuriken__Twister__Grow~2.server.lua	Disabled	bool	true
Workspace__Meshes_VFX__Meshes__BeastBombShuriken__Shuriken__Grow~2.server.lua	Disabled	bool	true
Workspace__Meshes_VFX__Meshes__RasenShuriken__Twister__Grow.server.lua	Disabled	bool	true
Workspace__Meshes_VFX__Meshes__RasenShuriken__Twister__Grow~2.server.lua	Disabled	bool	true
Workspace__Meshes_VFX__Meshes__RasenShuriken__Shuriken__Grow.server.lua	Disabled	bool	true
Workspace__Meshes_VFX__Meshes__RasenShuriken__Shuriken__Grow~2.server.lua	Disabled	bool	true
Workspace__Meshes_VFX__Exp__MP__SP__Grow.server.lua	Disabled	bool	true
Workspace__Meshes_VFX__Exp__MP__SP__Grow~2.server.lua	Disabled	bool	true
Workspace__Meshes_VFX__LightningStrikeMesh__Grow.server.lua	Disabled	bool	true
Workspace__Meshes_VFX__Exp__MP__SP__Grow~3.server.lua	Disabled	bool	true
Workspace__Meshes_VFX__Exp__MP__SP__Grow~4.server.lua	Disabled	bool	true
Workspace__Meshes_VFX__Exp__MP__SP__Grow~5.server.lua	Disabled	bool	true
Workspace__Meshes_VFX__Exp__MP__SP__Grow~6.server.lua	Disabled	bool	true
Workspace__Meshes_VFX__Exp__MP__SP__Grow~7.server.lua	Disabled	bool	true
Workspace__Meshes_VFX__Exp__MP__SP__Grow~8.server.lua	Disabled	bool	true
Workspace__Meshes_VFX__Sheild__Orb__Shield__#Scr1pt.server.lua	Disabled	bool	true
Workspace__Meshes_VFX__Sheild__Inv1__Shield__#Scr1pt.server.lua	Disabled	bool	true
Workspace__Meshes_VFX__Sheild__Inv2__Shield__#Scr1pt.server.lua	Disabled	bool	true
