# Deleted from the place (L<line> = tree line of the input place, Overkill_overhaul_v75.rbxl with the
# movement pack imported):
#  - every asset showcase pack parked under the map in the Workspace (VFX packs, wing rigs, weapon meshes,
#    4,194 always-on particle emitters, 739 beams, 39 lights, ~16,000 parts - nothing in the game uses them
#    at runtime; the effects the game plays were copied out first: tools/v76_graft.tsv), with their demo
#    scripts
#  - the Advanced Movement System's folder: its demo map and its 7 spawn points, its scripts, UI and
#    effects (its clips are played by id - Config.Anim; its effects copied out; its animation rigs kept:
#    tools/v76_move.tsv)
L5289	# Model [Model]
L6076	# VFX :D [Folder]
L10420	# VFX [Model]
L12489	# Hollow Purple (VFX) [Folder]
L12534	# Speed [Part]
L12537	# vfx green [Folder]
L12606	# VFX PACK ( V3 ) [Model]
L13015	# Light Explosion VFX [Model]
L13830	# VFX [Folder]
L14111	# Vfx [Folder]
L30412	# Yona VFX Pack [Folder]
L31202	# Part [Part]
L31204	# vfx pack [Model]
L31261	# Particle Storage [Model]
L31297	# Big [Model]
L31335	# Anime [Model]
L31481	# Heads [Model]
L31516	# Beams [Model]
L31547	# Part [Part]
L31549	# Auras [Model]
L31843	# pentagon [Part]
L31845	# smoke flipbook [Part]
L31847	# octagon [Part]
L31849	# spinny [Part]
L31851	# smoke/fog [Part]
L31853	# smoke flipbook 2 [Part]
L31855	# stravant's lightning [Part]
L31857	# Part [Part]
L31860	# Part [Part]
L31862	# Part [Part]
L31864	# Part [Part]
L31866	# Part [Part]
L31868	# Part [Part]
L31870	# Part [Part]
L31872	# Part [Part]
L31878	# Part [Part]
L31880	# Part [Part]
L31886	# Part [Part]
L31888	# Part [Part]
L31890	# Part [Part]
L31895	# Part [Part]
L31900	# Part [Part]
L31903	# Part [Part]
L31905	# Part [Part]
L31907	# Part [Part]
L31909	# Part [Part]
L31911	# Part [Part]
L31913	# lighting flipbook [Part]
L31915	# light ray [Part]
L31917	# fire flipbook [Part]
L31919	# offcenter circle [Part]
L31921	# flare [Part]
L31923	# circle thing [Part]
L31925	# lightning explosion flipbook [Part]
L31927	# lightning ring [Part]
L31929	# light rays [Part]
L31931	# light ring [Part]
L31933	# fire flipbook 2 [Part]
L31935	# fire flipbook 3 [Part]
L31937	# Part [Part]
L31940	# Part [Part]
L31943	# Part [Part]
L31946	# Part [Part]
L31949	# star thing [Part]
L31951	# cresent [Part]
L31953	# cresent 2 [Part]
L31955	# lightning ring 2 [Part]
L31957	# lightning ring 3 [Part]
L31959	# glow [Part]
L31961	# glow 2 [Part]
L31963	# burst [Part]
L31965	# thing [Part]
L31967	# Part [Part]
L31970	# Part [Part]
L31973	# Part [Part]
L31976	# Part [Part]
L31979	# Part [Part]
L31982	# Part [Part]
L31985	# Part [Part]
L31988	# Part [Part]
L31991	# Part [Part]
L31994	# Part [Part]
L31997	# Part [Part]
L32000	# Part [Part]
L32003	# Part [Part]
L32006	# Part [Part]
L32009	# Part [Part]
L32012	# Part [Part]
L32015	# Part [Part]
L32018	# Part [Part]
L32021	# Part [Part]
L32024	# Part [Part]
L32027	# Part [Part]
L32030	# spinny thing [Part]
L32032	# vortex [Part]
L32034	# tiny light ray [Part]
L32036	# burst 2 [Part]
L32038	# Part [Part]
L32041	# Part [Part]
L32044	# Part [Part]
L32047	# Part [Part]
L32050	# Part [Part]
L32053	# Part [Part]
L32056	# Part [Part]
L32059	# Part [Part]
L32062	# Part [Part]
L32065	# Part [Part]
L32068	# Part [Part]
L32071	# Part [Part]
L32074	# Part [Part]
L32077	# Part [Part]
L32079	# Part [Part]
L32082	# Part [Part]
L32085	# Part [Part]
L32088	# Part [Part]
L32091	# Part [Part]
L32094	# thing [Part]
L32096	# Part [Part]
L32099	# Part [Part]
L32102	# Part [Part]
L32105	# Part [Part]
L32108	# Part [Part]
L32111	# Part [Part]
L32114	# Part [Part]
L32117	# Part [Part]
L32123	# Part [Part]
L32126	# Part [Part]
L32129	# Part [Part]
L32132	# Part [Part]
L32135	# Part [Part]
L32138	# Part [Part]
L32140	# Part [Part]
L32143	# Wing Rigs [Folder]
L68805	# Meshes/VFX [Folder]
L70493	# Weapon Meshes [Folder]
L70706	# Advanced Movement System [Folder]
# the movement rigs' clips for the moves the game doesn't have (kept: the ten moves' clips only)
L72122	# Dashing Animations [Model]
L76906	# Sitting Animations [Model]
L80997	# Default Movement Animations [Model]
L73641	# Fundamental Animations/Run [KeyframeSequence]
L73849	# Fundamental Animations/Landed_2 [KeyframeSequence]
L74010	# Fundamental Animations/Landed_1 [KeyframeSequence]
L74056	# Fundamental Animations/Swing [KeyframeSequence]
L75059	# Fundamental Animations/Spin [KeyframeSequence]
L75359	# Fundamental Animations/Ziplining [KeyframeSequence]
L80112	# Wall Movement Animations/Wall Jump [KeyframeSequence]
L80597	# Wall Movement Animations/Wall Jump Off [KeyframeSequence]
