StarterPlayer__StarterPlayerScripts__QuestClient.client.lua	LocalScript	StarterPlayer/StarterPlayerScripts/QuestClient	105897
StarterPlayer__StarterPlayerScripts__PortalTitlesClient.client.lua	LocalScript	StarterPlayer/StarterPlayerScripts/PortalTitlesClient	9681
StarterPlayer__StarterPlayerScripts__OverkillHUD.client.lua	LocalScript	StarterPlayer/StarterPlayerScripts/OverkillHUD	51603
StarterPlayer__StarterPlayerScripts__OverkillHUD__AvatarRig.lua	ModuleScript	StarterPlayer/StarterPlayerScripts/OverkillHUD/AvatarRig	6471
StarterPlayer__StarterPlayerScripts__OverkillHUD__AuraSprites.lua	ModuleScript	StarterPlayer/StarterPlayerScripts/OverkillHUD/AuraSprites	17395
StarterPlayer__StarterPlayerScripts__OverkillHUD__ShopWindow.lua	ModuleScript	StarterPlayer/StarterPlayerScripts/OverkillHUD/ShopWindow	27460
StarterPlayer__StarterPlayerScripts__OverkillHUD__AuraPreview.lua	ModuleScript	StarterPlayer/StarterPlayerScripts/OverkillHUD/AuraPreview	43079
StarterPlayer__StarterPlayerScripts__OverkillHUD__HeroSelect.lua	ModuleScript	StarterPlayer/StarterPlayerScripts/OverkillHUD/HeroSelect	82424
StarterPlayer__StarterPlayerScripts__OverkillHUD__ProfileWindow.lua	ModuleScript	StarterPlayer/StarterPlayerScripts/OverkillHUD/ProfileWindow	25867
StarterPlayer__StarterPlayerScripts__OverkillHUD__Backpack.lua	ModuleScript	StarterPlayer/StarterPlayerScripts/OverkillHUD/Backpack	26053
StarterPlayer__StarterPlayerScripts__OverkillHUD__SettingsWindow.lua	ModuleScript	StarterPlayer/StarterPlayerScripts/OverkillHUD/SettingsWindow	24412
StarterPlayer__StarterPlayerScripts__OverkillHUD__Queue.lua	ModuleScript	StarterPlayer/StarterPlayerScripts/OverkillHUD/Queue	11717
StarterPlayer__StarterPlayerScripts__OverkillHUD__QueueCard.lua	ModuleScript	StarterPlayer/StarterPlayerScripts/OverkillHUD/QueueCard	31304
StarterPlayer__StarterPlayerScripts__OverkillHUD__MatchScreen.lua	ModuleScript	StarterPlayer/StarterPlayerScripts/OverkillHUD/MatchScreen	49799
StarterPlayer__StarterPlayerScripts__OverkillHUD__PartyWindow.lua	ModuleScript	StarterPlayer/StarterPlayerScripts/OverkillHUD/PartyWindow	40530
StarterPlayer__StarterPlayerScripts__OverkillHUD__PortalSigns.lua	ModuleScript	StarterPlayer/StarterPlayerScripts/OverkillHUD/PortalSigns	14837
StarterPlayer__StarterPlayerScripts__OverkillHUD__LimbStatus.lua	ModuleScript	StarterPlayer/StarterPlayerScripts/OverkillHUD/LimbStatus	21563
StarterPlayer__StarterPlayerScripts__OverkillHUD__VitalBars.lua	ModuleScript	StarterPlayer/StarterPlayerScripts/OverkillHUD/VitalBars	43330
StarterPlayer__StarterPlayerScripts__CombatClient.client.lua	LocalScript	StarterPlayer/StarterPlayerScripts/CombatClient	110523
StarterPlayer__StarterPlayerScripts__CombatClient__TouchControls.lua	ModuleScript	StarterPlayer/StarterPlayerScripts/CombatClient/TouchControls	6448
StarterPlayer__StarterPlayerScripts__CombatClient__ComboCounter.lua	ModuleScript	StarterPlayer/StarterPlayerScripts/CombatClient/ComboCounter	22204
StarterPlayer__StarterPlayerScripts__FountainWater.client.lua	LocalScript	StarterPlayer/StarterPlayerScripts/FountainWater	2269
StarterPlayer__StarterCharacterScripts__Animate.client.lua	LocalScript	StarterPlayer/StarterCharacterScripts/Animate	408
StarterPlayer__StarterCharacterScripts__Health.server.lua	Script	StarterPlayer/StarterCharacterScripts/Health	127
ReplicatedStorage__QuestSystem__QuestConfig.lua	ModuleScript	ReplicatedStorage/QuestSystem/QuestConfig	18569
ReplicatedStorage__OverkillUI__Theme.lua	ModuleScript	ReplicatedStorage/OverkillUI/Theme	14035
ReplicatedStorage__OverkillUI__Kit.lua	ModuleScript	ReplicatedStorage/OverkillUI/Kit	63493
ReplicatedStorage__OverkillUI__ShopConfig.lua	ModuleScript	ReplicatedStorage/OverkillUI/ShopConfig	4468
ReplicatedStorage__OverkillUI__QueueConfig.lua	ModuleScript	ReplicatedStorage/OverkillUI/QueueConfig	4245
ReplicatedStorage__OverkillUI__HeroConfig.lua	ModuleScript	ReplicatedStorage/OverkillUI/HeroConfig	3769
ReplicatedStorage__OverkillUI__HeroPoses.lua	ModuleScript	ReplicatedStorage/OverkillUI/HeroPoses	11963
ReplicatedStorage__Combat__CombatConfig.lua	ModuleScript	ReplicatedStorage/Combat/CombatConfig	57345
ReplicatedStorage__Combat__CombatStates.lua	ModuleScript	ReplicatedStorage/Combat/CombatStates	4626
ReplicatedStorage__Combat__ComboRules.lua	ModuleScript	ReplicatedStorage/Combat/ComboRules	10339
ReplicatedStorage__Combat__CombatPaths.lua	ModuleScript	ReplicatedStorage/Combat/CombatPaths	4609
ReplicatedStorage__Combat__AnimController.lua	ModuleScript	ReplicatedStorage/Combat/AnimController	6471
ReplicatedStorage__Combat__Motion.lua	ModuleScript	ReplicatedStorage/Combat/Motion	9586
ReplicatedStorage__Combat__Ragdoll.lua	ModuleScript	ReplicatedStorage/Combat/Ragdoll	12514
ReplicatedStorage__Combat__CombatFX.lua	ModuleScript	ReplicatedStorage/Combat/CombatFX	34055
ReplicatedStorage__Combat__CombatVFX.lua	ModuleScript	ReplicatedStorage/Combat/CombatVFX	11290
ReplicatedStorage__Combat__CombatCallout.lua	ModuleScript	ReplicatedStorage/Combat/CombatCallout	44062
ReplicatedStorage__Combat__CombatShatter.lua	ModuleScript	ReplicatedStorage/Combat/CombatShatter	13070
ReplicatedStorage__Combat__HitDetect.lua	ModuleScript	ReplicatedStorage/Combat/HitDetect	12960
ReplicatedStorage__Combat__CombatChoreo.lua	ModuleScript	ReplicatedStorage/Combat/CombatChoreo	8756
ReplicatedStorage__Combat__CombatBlood.lua	ModuleScript	ReplicatedStorage/Combat/CombatBlood	47440
ReplicatedStorage__Combat__CombatGore.lua	ModuleScript	ReplicatedStorage/Combat/CombatGore	39544
ReplicatedStorage__Combat__BloodPools.lua	ModuleScript	ReplicatedStorage/Combat/BloodPools	42340
ServerScriptService__QuestServer.server.lua	Script	ServerScriptService/QuestServer	22656
ServerScriptService__ShopServer.server.lua	Script	ServerScriptService/ShopServer	13115
ServerScriptService__QueueServer.server.lua	Script	ServerScriptService/QueueServer	37404
ServerScriptService__HeroServer.server.lua	Script	ServerScriptService/HeroServer	11371
ServerScriptService__Combat__CombatServer.server.lua	Script	ServerScriptService/Combat/CombatServer	6710
ServerScriptService__Combat__CombatService.lua	ModuleScript	ServerScriptService/Combat/CombatService	95969
ServerScriptService__Combat__TrainingDummies.lua	ModuleScript	ServerScriptService/Combat/TrainingDummies	16513
